alpha,beta,r_squared
0.12554704130744773,-0.0010663833933304688,9.96164417940368e-07
